Rowid_,SUBCOL,ZONE_CODE,COUNT,AREA,MEAN
,p44,41,53,212.000000000000000,116.320754716981130